{"cameraMode":{"drawMode":0,"name":"Shaded","section":"Shading Mode"},"sceneLighting":false,"audioPlay":false,"sceneViewState":{"m_AlwaysRefresh":false,"showFog":true,"showSkybox":false,"showFlares":true,"showImageEffects":true,"showParticleSystems":true,"showVisualEffectGraphs":true,"m_FxEnabled":true},"in2DMode":false,"pivot":{"x":-0.6823219656944275,"y":1.3553855419158936,"z":-1.3483777046203614},"rotation":{"x":-0.1245054379105568,"y":-0.36628174781799319,"z":0.049526456743478778,"w":-0.9208130240440369},"size":3.020761728286743,"orthographic":false}