{"cameraMode":{"drawMode":0,"name":"Shaded","section":"Shading Mode"},"sceneLighting":false,"audioPlay":false,"sceneViewState":{"m_AlwaysRefresh":false,"showFog":true,"showSkybox":false,"showFlares":true,"showImageEffects":true,"showParticleSystems":true,"showVisualEffectGraphs":true,"m_FxEnabled":true},"in2DMode":false,"pivot":{"x":1.0790135860443116,"y":0.9693289399147034,"z":-1.3921253681182862},"rotation":{"x":0.04392372444272041,"y":0.9405817985534668,"z":-0.13349881768226624,"w":0.3092556595802307},"size":2.498499631881714,"orthographic":false}