{"cameraMode":{"drawMode":0,"name":"Shaded","section":"Shading Mode"},"sceneLighting":false,"audioPlay":false,"sceneViewState":{"m_AlwaysRefresh":false,"showFog":true,"showSkybox":false,"showFlares":true,"showImageEffects":true,"showParticleSystems":true,"showVisualEffectGraphs":true,"m_FxEnabled":true},"in2DMode":false,"pivot":{"x":0.3835607171058655,"y":0.06079728901386261,"z":2.7032952308654787},"rotation":{"x":-0.1287423074245453,"y":-0.6176983118057251,"z":0.10342611372470856,"w":-0.7689042687416077},"size":6.806554794311523,"orthographic":false}