{"cameraMode":{"drawMode":0,"name":"Shaded","section":"Shading Mode"},"sceneLighting":false,"audioPlay":false,"sceneViewState":{"m_AlwaysRefresh":false,"showFog":true,"showSkybox":false,"showFlares":true,"showImageEffects":true,"showParticleSystems":true,"showVisualEffectGraphs":true,"m_FxEnabled":true},"in2DMode":false,"pivot":{"x":-0.08618608117103577,"y":-0.025724872946739198,"z":0.0017472654581069947},"rotation":{"x":-0.09220977872610092,"y":0.8753889203071594,"z":-0.1846742480993271,"w":-0.4372624158859253},"size":0.1905255913734436,"orthographic":false}