{"cameraMode":{"drawMode":0,"name":"Shaded","section":"Shading Mode"},"sceneLighting":false,"audioPlay":false,"sceneViewState":{"m_AlwaysRefresh":false,"showFog":true,"showSkybox":false,"showFlares":true,"showImageEffects":true,"showParticleSystems":true,"showVisualEffectGraphs":true,"m_FxEnabled":true},"in2DMode":false,"pivot":{"x":-0.6140576601028442,"y":0.9360779523849487,"z":-0.28540724515914919},"rotation":{"x":-0.035439979285001758,"y":-0.9629493951797485,"z":0.21584481000900269,"w":-0.15826068818569184},"size":3.512122631072998,"orthographic":false}