{"cameraMode":{"drawMode":0,"name":"Shaded","section":"Shading Mode"},"sceneLighting":true,"audioPlay":false,"sceneViewState":{"m_AlwaysRefresh":false,"showFog":true,"showSkybox":true,"showFlares":true,"showImageEffects":true,"showParticleSystems":true,"showVisualEffectGraphs":true,"m_FxEnabled":true},"in2DMode":false,"pivot":{"x":-39.922157287597659,"y":16.047374725341798,"z":-30.580110549926759},"rotation":{"x":0.17946012318134309,"y":0.5710374116897583,"z":-0.13013966381549836,"w":0.7906427979469299},"size":1.2247449159622193,"orthographic":false}