{"cameraMode":{"drawMode":0,"name":"Shaded","section":"Shading Mode"},"sceneLighting":true,"audioPlay":false,"sceneViewState":{"m_AlwaysRefresh":false,"showFog":true,"showSkybox":true,"showFlares":true,"showImageEffects":true,"showParticleSystems":true,"showVisualEffectGraphs":true,"m_FxEnabled":true},"in2DMode":false,"pivot":{"x":-0.026385070756077768,"y":2.6337406635284426,"z":0.4780740737915039},"rotation":{"x":0.0557987354695797,"y":-0.9159692525863648,"z":0.13703031837940217,"w":0.37297937273979189},"size":3.2121217250823976,"orthographic":false}