{"cameraMode":{"drawMode":0,"name":"Shaded","section":"Shading Mode"},"sceneLighting":false,"audioPlay":false,"sceneViewState":{"m_AlwaysRefresh":false,"showFog":true,"showSkybox":false,"showFlares":true,"showImageEffects":true,"showParticleSystems":true,"showVisualEffectGraphs":true,"m_FxEnabled":true},"in2DMode":false,"pivot":{"x":2.2578837871551515,"y":0.018334191292524339,"z":1.007215976715088},"rotation":{"x":0.15296299755573274,"y":0.8455243110656738,"z":-0.38829219341278078,"w":0.3331225514411926},"size":1.9793277978897095,"orthographic":false}