{"cameraMode":{"drawMode":0,"name":"Shaded","section":"Shading Mode"},"sceneLighting":true,"audioPlay":false,"sceneViewState":{"m_AlwaysRefresh":false,"showFog":true,"showSkybox":true,"showFlares":true,"showImageEffects":true,"showParticleSystems":true,"showVisualEffectGraphs":true,"m_FxEnabled":true},"in2DMode":false,"pivot":{"x":298.3896789550781,"y":229.59361267089845,"z":161.48504638671876},"rotation":{"x":-0.14499707520008088,"y":0.14318907260894776,"z":-0.02082524634897709,"w":-0.978895902633667},"size":0.20510916411876679,"orthographic":false}