{"cameraMode":{"drawMode":0,"name":"Shaded","section":"Shading Mode"},"sceneLighting":true,"audioPlay":false,"sceneViewState":{"m_AlwaysRefresh":false,"showFog":true,"showSkybox":true,"showFlares":true,"showImageEffects":true,"showParticleSystems":true,"showVisualEffectGraphs":true,"m_FxEnabled":true},"in2DMode":false,"pivot":{"x":24.204265594482423,"y":13.035136222839356,"z":22.38125228881836},"rotation":{"x":-0.003705793060362339,"y":-0.9263546466827393,"z":0.3768811523914337,"w":-0.008302247151732445},"size":8.437756538391114,"orthographic":false}