{"cameraMode":{"drawMode":0,"name":"Shaded","section":"Shading Mode"},"sceneLighting":true,"audioPlay":false,"sceneViewState":{"m_AlwaysRefresh":false,"showFog":true,"showSkybox":true,"showFlares":true,"showImageEffects":true,"showParticleSystems":true,"showVisualEffectGraphs":true,"m_FxEnabled":true},"in2DMode":false,"pivot":{"x":-16.899948120117189,"y":29.388792037963868,"z":-34.504112243652347},"rotation":{"x":-0.2291710525751114,"y":-0.10174795240163803,"z":0.023990148678421975,"w":-0.9678127765655518},"size":9.919246673583985,"orthographic":false}