{"cameraMode":{"drawMode":0,"name":"Shaded","section":"Shading Mode"},"sceneLighting":true,"audioPlay":false,"sceneViewState":{"m_AlwaysRefresh":false,"showFog":true,"showSkybox":true,"showFlares":true,"showImageEffects":true,"showParticleSystems":true,"showVisualEffectGraphs":true,"m_FxEnabled":true},"in2DMode":false,"pivot":{"x":30.478899002075197,"y":21.97442054748535,"z":35.26373291015625},"rotation":{"x":-0.02438940294086933,"y":0.9334026575088501,"z":-0.35230937600135805,"w":-0.06536953896284104},"size":6.7708868980407719,"orthographic":false}