{"cameraMode":{"drawMode":0,"name":"Shaded","section":"Shading Mode"},"sceneLighting":false,"audioPlay":false,"sceneViewState":{"m_AlwaysRefresh":false,"showFog":true,"showSkybox":false,"showFlares":true,"showImageEffects":true,"showParticleSystems":true,"showVisualEffectGraphs":true,"m_FxEnabled":true},"in2DMode":false,"pivot":{"x":-0.3355419635772705,"y":1.2408123016357422,"z":-0.13963782787322999},"rotation":{"x":0.24956263601779939,"y":-0.5593710541725159,"z":0.18123802542686463,"w":0.769573450088501},"size":2.211334466934204,"orthographic":false}