{"cameraMode":{"drawMode":0,"name":"Shaded","section":"Shading Mode"},"sceneLighting":false,"audioPlay":false,"sceneViewState":{"m_AlwaysRefresh":false,"showFog":true,"showSkybox":false,"showFlares":true,"showImageEffects":true,"showParticleSystems":true,"showVisualEffectGraphs":true,"m_FxEnabled":true},"in2DMode":false,"pivot":{"x":-1.2109253406524659,"y":3.470557928085327,"z":2.8473238945007326},"rotation":{"x":-0.0014573178486898542,"y":-0.9942664504051209,"z":0.10629133135080338,"w":-0.013432253152132035},"size":2.9154763221740724,"orthographic":false}