{"cameraMode":{"drawMode":0,"name":"Shaded","section":"Shading Mode"},"sceneLighting":false,"audioPlay":false,"sceneViewState":{"m_AlwaysRefresh":false,"showFog":true,"showSkybox":false,"showFlares":true,"showImageEffects":true,"showParticleSystems":true,"showVisualEffectGraphs":true,"m_FxEnabled":true},"in2DMode":false,"pivot":{"x":-0.5063952803611755,"y":0.540164053440094,"z":1.7558740377426148},"rotation":{"x":-0.0014807770494371653,"y":0.9442732334136963,"z":0.004249585326761007,"w":0.32914280891418459},"size":1.8468937873840333,"orthographic":false}