{"cameraMode":{"drawMode":0,"name":"Shaded","section":"Shading Mode"},"sceneLighting":false,"audioPlay":false,"sceneViewState":{"m_AlwaysRefresh":false,"showFog":true,"showSkybox":false,"showFlares":true,"showImageEffects":true,"showParticleSystems":true,"showVisualEffectGraphs":true,"m_FxEnabled":true},"in2DMode":false,"pivot":{"x":2.0954885482788088,"y":0.8314341902732849,"z":-1.3319109678268433},"rotation":{"x":0.06685690581798554,"y":-0.4124425947666168,"z":0.030384855344891549,"w":0.9080621004104614},"size":0.346893846988678,"orthographic":false}