{"cameraMode":{"drawMode":0,"name":"Shaded","section":"Shading Mode"},"sceneLighting":false,"audioPlay":false,"sceneViewState":{"m_AlwaysRefresh":false,"showFog":true,"showSkybox":false,"showFlares":true,"showImageEffects":true,"showParticleSystems":true,"showVisualEffectGraphs":true,"m_FxEnabled":true},"in2DMode":false,"pivot":{"x":-0.1978393793106079,"y":0.050331830978393558,"z":-1.6621465682983399},"rotation":{"x":-0.06344618648290634,"y":0.9286959767341614,"z":-0.31344348192214968,"w":-0.18803930282592774},"size":2.939826011657715,"orthographic":false}