{"cameraMode":{"drawMode":0,"name":"Shaded","section":"Shading Mode"},"sceneLighting":false,"audioPlay":false,"sceneViewState":{"m_AlwaysRefresh":false,"showFog":true,"showSkybox":false,"showFlares":true,"showImageEffects":true,"showParticleSystems":true,"showVisualEffectGraphs":true,"m_FxEnabled":true},"in2DMode":false,"pivot":{"x":1.523385763168335,"y":-6.167080879211426,"z":12.310474395751954},"rotation":{"x":0.19951879978179933,"y":0.09829404950141907,"z":-0.020118126645684243,"w":0.9747520685195923},"size":13.928075790405274,"orthographic":false}