{"cameraMode":{"drawMode":0,"name":"Shaded","section":"Shading Mode"},"sceneLighting":false,"audioPlay":false,"sceneViewState":{"m_AlwaysRefresh":false,"showFog":true,"showSkybox":false,"showFlares":true,"showImageEffects":true,"showParticleSystems":true,"showVisualEffectGraphs":true,"m_FxEnabled":true},"in2DMode":false,"pivot":{"x":4.425167560577393,"y":0.06926292926073075,"z":12.177136421203614},"rotation":{"x":0.13639399409294129,"y":0.09051193296909332,"z":-0.012514150701463223,"w":0.9864385724067688},"size":13.928075790405274,"orthographic":false}