{"cameraMode":{"drawMode":0,"name":"Shaded","section":"Shading Mode"},"sceneLighting":false,"audioPlay":false,"sceneViewState":{"m_AlwaysRefresh":false,"showFog":true,"showSkybox":false,"showFlares":true,"showImageEffects":true,"showParticleSystems":true,"showVisualEffectGraphs":true,"m_FxEnabled":true},"in2DMode":false,"pivot":{"x":-0.22878117859363557,"y":2.4577906131744386,"z":0.2893654704093933},"rotation":{"x":0.05928917974233627,"y":-0.8025735020637512,"z":0.08094590157270432,"w":0.5881469249725342},"size":3.020761728286743,"orthographic":false}