{"cameraMode":{"drawMode":0,"name":"Shaded","section":"Shading Mode"},"sceneLighting":false,"audioPlay":false,"sceneViewState":{"m_AlwaysRefresh":false,"showFog":true,"showSkybox":false,"showFlares":true,"showImageEffects":true,"showParticleSystems":true,"showVisualEffectGraphs":true,"m_FxEnabled":true},"in2DMode":false,"pivot":{"x":-1.3668941259384156,"y":1.127139925956726,"z":1.1453925371170045},"rotation":{"x":-0.08737033605575562,"y":-0.8516730666160584,"z":0.15118999779224397,"w":-0.49436452984809878},"size":0.8660253882408142,"orthographic":false}