{"cameraMode":{"drawMode":0,"name":"Shaded","section":"Shading Mode"},"sceneLighting":false,"audioPlay":false,"sceneViewState":{"m_AlwaysRefresh":false,"showFog":true,"showSkybox":false,"showFlares":true,"showImageEffects":true,"showParticleSystems":true,"showVisualEffectGraphs":true,"m_FxEnabled":true},"in2DMode":false,"pivot":{"x":1.4541841745376588,"y":1.0433152914047242,"z":0.40147343277931216},"rotation":{"x":0.16722019016742707,"y":0.6591205596923828,"z":-0.15429353713989259,"w":0.7170276641845703},"size":1.6859714984893799,"orthographic":false}