{"cameraMode":{"drawMode":0,"name":"Shaded","section":"Shading Mode"},"sceneLighting":false,"audioPlay":false,"sceneViewState":{"m_AlwaysRefresh":false,"showFog":true,"showSkybox":false,"showFlares":true,"showImageEffects":true,"showParticleSystems":true,"showVisualEffectGraphs":true,"m_FxEnabled":true},"in2DMode":false,"pivot":{"x":0.6462204456329346,"y":1.2177791595458985,"z":0.2979568839073181},"rotation":{"x":-0.048628900200128558,"y":-0.6341089606285095,"z":0.03998981788754463,"w":-0.7706984281539917},"size":1.7320507764816285,"orthographic":false}